-- MySQL Script generated by MySQL Workbench
-- 05/12/16 15:15:19
-- Model: New Model    Version: 1.0
-- MySQL Workbench Forward Engineering

SET @OLD_UNIQUE_CHECKS=@@UNIQUE_CHECKS, UNIQUE_CHECKS=0;
SET @OLD_FOREIGN_KEY_CHECKS=@@FOREIGN_KEY_CHECKS, FOREIGN_KEY_CHECKS=0;
SET @OLD_SQL_MODE=@@SQL_MODE, SQL_MODE='TRADITIONAL,ALLOW_INVALID_DATES';

-- -----------------------------------------------------
-- Schema iib2_ue1_2_gruppe1
-- -----------------------------------------------------
DROP SCHEMA IF EXISTS `iib2_ue1_2_gruppe1` ;

-- -----------------------------------------------------
-- Schema iib2_ue1_2_gruppe1
-- -----------------------------------------------------
CREATE SCHEMA IF NOT EXISTS `iib2_ue1_2_gruppe1` DEFAULT CHARACTER SET utf8 ;
USE `iib2_ue1_2_gruppe1` ;

-- -----------------------------------------------------
-- Table `iib2_ue1_2_gruppe1`.`Beruf`
-- -----------------------------------------------------
DROP TABLE IF EXISTS `iib2_ue1_2_gruppe1`.`Beruf` ;

CREATE TABLE IF NOT EXISTS `iib2_ue1_2_gruppe1`.`Beruf` (
  `ber_id` INT NOT NULL AUTO_INCREMENT,
  `ber_name` VARCHAR(80) NULL,
  `ber_spezialisierung` VARCHAR(80) NULL,
  PRIMARY KEY (`ber_id`))
ENGINE = InnoDB;


-- -----------------------------------------------------
-- Table `iib2_ue1_2_gruppe1`.`Adresse`
-- -----------------------------------------------------
DROP TABLE IF EXISTS `iib2_ue1_2_gruppe1`.`Adresse` ;

CREATE TABLE IF NOT EXISTS `iib2_ue1_2_gruppe1`.`Adresse` (
  `adr_id` INT NOT NULL AUTO_INCREMENT,
  `adr_strasse` VARCHAR(45) NULL,
  `adr_hausnummer` VARCHAR(45) NULL,
  `adr_plz` VARCHAR(8) NULL,
  `adr_ort` VARCHAR(45) NULL,
  `adr_land` VARCHAR(45) NULL,
  PRIMARY KEY (`adr_id`))
ENGINE = InnoDB;


-- -----------------------------------------------------
-- Table `iib2_ue1_2_gruppe1`.`Handwerker`
-- -----------------------------------------------------
DROP TABLE IF EXISTS `iib2_ue1_2_gruppe1`.`Handwerker` ;

CREATE TABLE IF NOT EXISTS `iib2_ue1_2_gruppe1`.`Handwerker` (
  `haw_email` VARCHAR(50) NOT NULL,
  `haw_vorname` VARCHAR(45) NULL,
  `haw_nachname` VARCHAR(45) NULL,
  `haw_ber_id` INT NOT NULL,
  `haw_adr_id` INT NOT NULL,
  PRIMARY KEY (`haw_email`),
  INDEX `fk_Handwerker_Beruf_idx` (`haw_ber_id` ASC),
  INDEX `fk_Handwerker_Adresse1_idx` (`haw_adr_id` ASC),
  CONSTRAINT `fk_Handwerker_Beruf`
    FOREIGN KEY (`haw_ber_id`)
    REFERENCES `iib2_ue1_2_gruppe1`.`Beruf` (`ber_id`)
    ON DELETE NO ACTION
    ON UPDATE NO ACTION,
  CONSTRAINT `fk_Handwerker_Adresse1`
    FOREIGN KEY (`haw_adr_id`)
    REFERENCES `iib2_ue1_2_gruppe1`.`Adresse` (`adr_id`)
    ON DELETE NO ACTION
    ON UPDATE NO ACTION)
ENGINE = InnoDB;


-- -----------------------------------------------------
-- Table `iib2_ue1_2_gruppe1`.`Eigentuemer`
-- -----------------------------------------------------
DROP TABLE IF EXISTS `iib2_ue1_2_gruppe1`.`Eigentuemer` ;

CREATE TABLE IF NOT EXISTS `iib2_ue1_2_gruppe1`.`Eigentuemer` (
  `eig_email` VARCHAR(50) NOT NULL,
  `eig_vorname` VARCHAR(45) NULL,
  `eig_nachname` VARCHAR(45) NULL,
  `eig_kunde` TINYINT(1) NULL,
  `eig_adr_id` INT NOT NULL,
  PRIMARY KEY (`eig_email`),
  INDEX `fk_Eigentuemer_Adresse1_idx` (`eig_adr_id` ASC),
  CONSTRAINT `fk_Eigentuemer_Adresse1`
    FOREIGN KEY (`eig_adr_id`)
    REFERENCES `iib2_ue1_2_gruppe1`.`Adresse` (`adr_id`)
    ON DELETE NO ACTION
    ON UPDATE NO ACTION)
ENGINE = InnoDB;


-- -----------------------------------------------------
-- Table `iib2_ue1_2_gruppe1`.`Gutachter`
-- -----------------------------------------------------
DROP TABLE IF EXISTS `iib2_ue1_2_gruppe1`.`Gutachter` ;

CREATE TABLE IF NOT EXISTS `iib2_ue1_2_gruppe1`.`Gutachter` (
  `gut_email` VARCHAR(50) NOT NULL,
  `gut_vorname` VARCHAR(45) NULL,
  `gut_nachname` VARCHAR(45) NULL,
  `gut_adr_id` INT NOT NULL,
  PRIMARY KEY (`gut_email`),
  INDEX `fk_Gutachter_Adresse1_idx` (`gut_adr_id` ASC),
  CONSTRAINT `fk_Gutachter_Adresse1`
    FOREIGN KEY (`gut_adr_id`)
    REFERENCES `iib2_ue1_2_gruppe1`.`Adresse` (`adr_id`)
    ON DELETE NO ACTION
    ON UPDATE NO ACTION)
ENGINE = InnoDB;


-- -----------------------------------------------------
-- Table `iib2_ue1_2_gruppe1`.`Schadensart`
-- -----------------------------------------------------
DROP TABLE IF EXISTS `iib2_ue1_2_gruppe1`.`Schadensart` ;

CREATE TABLE IF NOT EXISTS `iib2_ue1_2_gruppe1`.`Schadensart` (
  `sda_id` INT NOT NULL AUTO_INCREMENT,
  `sda_name` VARCHAR(45) NULL,
  PRIMARY KEY (`sda_id`))
ENGINE = InnoDB;


-- -----------------------------------------------------
-- Table `iib2_ue1_2_gruppe1`.`Gebaeude`
-- -----------------------------------------------------
DROP TABLE IF EXISTS `iib2_ue1_2_gruppe1`.`Gebaeude` ;

CREATE TABLE IF NOT EXISTS `iib2_ue1_2_gruppe1`.`Gebaeude` (
  `gbd_id` INT NOT NULL AUTO_INCREMENT,
  `gbd_name` VARCHAR(45) NULL,
  `gbd_eig_email` VARCHAR(80) NOT NULL,
  `gbd_adr_id` INT NOT NULL,
  PRIMARY KEY (`gbd_id`),
  INDEX `fk_Gebaude_Eigentuemer1_idx` (`gbd_eig_email` ASC),
  INDEX `fk_Gebaude_Adresse1_idx` (`gbd_adr_id` ASC),
  CONSTRAINT `fk_Gebaude_Eigentuemer1`
    FOREIGN KEY (`gbd_eig_email`)
    REFERENCES `iib2_ue1_2_gruppe1`.`Eigentuemer` (`eig_email`)
    ON DELETE NO ACTION
    ON UPDATE NO ACTION,
  CONSTRAINT `fk_Gebaude_Adresse1`
    FOREIGN KEY (`gbd_adr_id`)
    REFERENCES `iib2_ue1_2_gruppe1`.`Adresse` (`adr_id`)
    ON DELETE NO ACTION
    ON UPDATE NO ACTION)
ENGINE = InnoDB;


-- -----------------------------------------------------
-- Table `iib2_ue1_2_gruppe1`.`Schadenslage`
-- -----------------------------------------------------
DROP TABLE IF EXISTS `iib2_ue1_2_gruppe1`.`Schadenslage` ;

CREATE TABLE IF NOT EXISTS `iib2_ue1_2_gruppe1`.`Schadenslage` (
  `sdl_id` INT NOT NULL AUTO_INCREMENT,
  `sdl_stockwerk` VARCHAR(5) NULL,
  `sdl_raum` VARCHAR(45) NULL,
  `sdl_gbd_id` INT NOT NULL,
  PRIMARY KEY (`sdl_id`),
  INDEX `fk_Schadenslage_Gebaude1_idx` (`sdl_gbd_id` ASC),
  CONSTRAINT `fk_Schadenslage_Gebaude1`
    FOREIGN KEY (`sdl_gbd_id`)
    REFERENCES `iib2_ue1_2_gruppe1`.`Gebaeude` (`gbd_id`)
    ON DELETE NO ACTION
    ON UPDATE NO ACTION)
ENGINE = InnoDB;


-- -----------------------------------------------------
-- Table `iib2_ue1_2_gruppe1`.`Schaden`
-- -----------------------------------------------------
DROP TABLE IF EXISTS `iib2_ue1_2_gruppe1`.`Schaden` ;

CREATE TABLE IF NOT EXISTS `iib2_ue1_2_gruppe1`.`Schaden` (
  `sdn_id` INT NOT NULL AUTO_INCREMENT,
  `sdn_status` ENUM('Mitarbeiter', 'Kunde', 'begutachtet', 'Auftrag', 'erledigt', 'abgelehnt') NULL,
  `sdn_sda_id` INT NOT NULL,
  `sdn_umfang` ENUM('Totalschaden', 'Teilschaden', 'Kleinstschaden') NULL,
  `sdn_sdl_id` INT NOT NULL,
  `sdn_gut_email` VARCHAR(80) NOT NULL,
  PRIMARY KEY (`sdn_id`),
  INDEX `fk_Schaden_Schadensart1_idx` (`sdn_sda_id` ASC),
  INDEX `fk_Schaden_Schadenslage1_idx` (`sdn_sdl_id` ASC),
  INDEX `fk_Schaden_Gutachter1_idx` (`sdn_gut_email` ASC),
  CONSTRAINT `fk_Schaden_Schadensart1`
    FOREIGN KEY (`sdn_sda_id`)
    REFERENCES `iib2_ue1_2_gruppe1`.`Schadensart` (`sda_id`)
    ON DELETE NO ACTION
    ON UPDATE NO ACTION,
  CONSTRAINT `fk_Schaden_Schadenslage1`
    FOREIGN KEY (`sdn_sdl_id`)
    REFERENCES `iib2_ue1_2_gruppe1`.`Schadenslage` (`sdl_id`)
    ON DELETE NO ACTION
    ON UPDATE NO ACTION,
  CONSTRAINT `fk_Schaden_Gutachter1`
    FOREIGN KEY (`sdn_gut_email`)
    REFERENCES `iib2_ue1_2_gruppe1`.`Gutachter` (`gut_email`)
    ON DELETE NO ACTION
    ON UPDATE NO ACTION)
ENGINE = InnoDB;


-- -----------------------------------------------------
-- Table `iib2_ue1_2_gruppe1`.`Auftrag`
-- -----------------------------------------------------
DROP TABLE IF EXISTS `iib2_ue1_2_gruppe1`.`Auftrag` ;

CREATE TABLE IF NOT EXISTS `iib2_ue1_2_gruppe1`.`Auftrag` (
  `auf_nummer` INT NOT NULL AUTO_INCREMENT,
  `auf_status` ENUM('angelegt', 'in Bearbeitung', 'erledigt', 'abgelehnt') NULL,
  `auf_haw_email` VARCHAR(50) NOT NULL,
  `auf_sdn_id` INT NOT NULL,
  PRIMARY KEY (`auf_nummer`),
  INDEX `fk_Auftrag_Handwerker1_idx` (`auf_haw_email` ASC),
  INDEX `fk_Auftrag_Schaden1_idx` (`auf_sdn_id` ASC),
  CONSTRAINT `fk_Auftrag_Handwerker1`
    FOREIGN KEY (`auf_haw_email`)
    REFERENCES `iib2_ue1_2_gruppe1`.`Handwerker` (`haw_email`)
    ON DELETE NO ACTION
    ON UPDATE NO ACTION,
  CONSTRAINT `fk_Auftrag_Schaden1`
    FOREIGN KEY (`auf_sdn_id`)
    REFERENCES `iib2_ue1_2_gruppe1`.`Schaden` (`sdn_id`)
    ON DELETE NO ACTION
    ON UPDATE NO ACTION)
ENGINE = InnoDB;


-- -----------------------------------------------------
-- Table `iib2_ue1_2_gruppe1`.`Multimedia`
-- -----------------------------------------------------
DROP TABLE IF EXISTS `iib2_ue1_2_gruppe1`.`Multimedia` ;

CREATE TABLE IF NOT EXISTS `iib2_ue1_2_gruppe1`.`Multimedia` (
  `mmd_id` INT NOT NULL AUTO_INCREMENT,
  `mmd_art` ENUM('Bild', 'Video', 'Memo') NULL,
  `mmd_dateipfad` VARCHAR(80) NULL,
  `mmd_sdn_id` INT NOT NULL,
  PRIMARY KEY (`mmd_id`),
  INDEX `fk_Multimedia_Schaden1_idx` (`mmd_sdn_id` ASC),
  CONSTRAINT `fk_Multimedia_Schaden1`
    FOREIGN KEY (`mmd_sdn_id`)
    REFERENCES `iib2_ue1_2_gruppe1`.`Schaden` (`sdn_id`)
    ON DELETE NO ACTION
    ON UPDATE NO ACTION)
ENGINE = InnoDB;


-- -----------------------------------------------------
-- Table `iib2_ue1_2_gruppe1`.`Mitarbeiter`
-- -----------------------------------------------------
DROP TABLE IF EXISTS `iib2_ue1_2_gruppe1`.`Mitarbeiter` ;

CREATE TABLE IF NOT EXISTS `iib2_ue1_2_gruppe1`.`Mitarbeiter` (
  `mab_email` VARCHAR(50) NOT NULL,
  `mab_vorname` VARCHAR(45) NULL,
  `mab_nachname` VARCHAR(45) NULL,
  `mab_rolle` ENUM('Mitarbeiter', 'Admin') NULL,
  `mab_adr_id` INT NOT NULL,
  PRIMARY KEY (`mab_email`),
  INDEX `fk_Mitarbeiter_Adresse1_idx` (`mab_adr_id` ASC),
  CONSTRAINT `fk_Mitarbeiter_Adresse1`
    FOREIGN KEY (`mab_adr_id`)
    REFERENCES `iib2_ue1_2_gruppe1`.`Adresse` (`adr_id`)
    ON DELETE NO ACTION
    ON UPDATE NO ACTION)
ENGINE = InnoDB;


SET SQL_MODE=@OLD_SQL_MODE;
SET FOREIGN_KEY_CHECKS=@OLD_FOREIGN_KEY_CHECKS;
SET UNIQUE_CHECKS=@OLD_UNIQUE_CHECKS;

-- -----------------------------------------------------
-- Data for table `iib2_ue1_2_gruppe1`.`Beruf`
-- -----------------------------------------------------
START TRANSACTION;
USE `iib2_ue1_2_gruppe1`;
INSERT INTO `iib2_ue1_2_gruppe1`.`Beruf` (`ber_id`, `ber_name`, `ber_spezialisierung`) VALUES (1, 'Anlagentechniker für Sanitär-, Heizungs- und Klimatechnik', 'Wassertechnik');
INSERT INTO `iib2_ue1_2_gruppe1`.`Beruf` (`ber_id`, `ber_name`, `ber_spezialisierung`) VALUES (2, 'Anlagentechniker für Sanitär-, Heizungs- und Klimatechnik', 'Wärmetechnik');
INSERT INTO `iib2_ue1_2_gruppe1`.`Beruf` (`ber_id`, `ber_name`, `ber_spezialisierung`) VALUES (3, 'Anlagentechniker für Sanitär-, Heizungs- und Klimatechnik', 'Klimatechnik');
INSERT INTO `iib2_ue1_2_gruppe1`.`Beruf` (`ber_id`, `ber_name`, `ber_spezialisierung`) VALUES (4, 'Dachdecker', NULL);
INSERT INTO `iib2_ue1_2_gruppe1`.`Beruf` (`ber_id`, `ber_name`, `ber_spezialisierung`) VALUES (5, 'Elektroniker für Energie- und Gebäudetechnik', NULL);
INSERT INTO `iib2_ue1_2_gruppe1`.`Beruf` (`ber_id`, `ber_name`, `ber_spezialisierung`) VALUES (6, 'Fliesenleger', NULL);
INSERT INTO `iib2_ue1_2_gruppe1`.`Beruf` (`ber_id`, `ber_name`, `ber_spezialisierung`) VALUES (7, 'Maler', NULL);
INSERT INTO `iib2_ue1_2_gruppe1`.`Beruf` (`ber_id`, `ber_name`, `ber_spezialisierung`) VALUES (8, 'Schreiner', NULL);

COMMIT;


-- -----------------------------------------------------
-- Data for table `iib2_ue1_2_gruppe1`.`Adresse`
-- -----------------------------------------------------
START TRANSACTION;
USE `iib2_ue1_2_gruppe1`;
INSERT INTO `iib2_ue1_2_gruppe1`.`Adresse` (`adr_id`, `adr_strasse`, `adr_hausnummer`, `adr_plz`, `adr_ort`, `adr_land`) VALUES (1, 'Hauptstraße', '102', '11111', 'Odenheim', 'Deutschland');
INSERT INTO `iib2_ue1_2_gruppe1`.`Adresse` (`adr_id`, `adr_strasse`, `adr_hausnummer`, `adr_plz`, `adr_ort`, `adr_land`) VALUES (2, 'Lange Straße', '15', '12345', 'Taunstadt', 'Deutschland');
INSERT INTO `iib2_ue1_2_gruppe1`.`Adresse` (`adr_id`, `adr_strasse`, `adr_hausnummer`, `adr_plz`, `adr_ort`, `adr_land`) VALUES (3, 'Im Amtsgarten', '6', '23456', 'Wiesendorf', 'Deutschland');
INSERT INTO `iib2_ue1_2_gruppe1`.`Adresse` (`adr_id`, `adr_strasse`, `adr_hausnummer`, `adr_plz`, `adr_ort`, `adr_land`) VALUES (4, 'Feldweg', '4', '78910', 'Neuburg', 'Deutschland');
INSERT INTO `iib2_ue1_2_gruppe1`.`Adresse` (`adr_id`, `adr_strasse`, `adr_hausnummer`, `adr_plz`, `adr_ort`, `adr_land`) VALUES (5, 'Adlerstraße', '81', '56789', 'Vogelhausen', 'Deutschland');
INSERT INTO `iib2_ue1_2_gruppe1`.`Adresse` (`adr_id`, `adr_strasse`, `adr_hausnummer`, `adr_plz`, `adr_ort`, `adr_land`) VALUES (6, 'Opelweg', '23', '90123', 'Autostadt', 'Deutschland');
INSERT INTO `iib2_ue1_2_gruppe1`.`Adresse` (`adr_id`, `adr_strasse`, `adr_hausnummer`, `adr_plz`, `adr_ort`, `adr_land`) VALUES (7, 'Alte Straße', '1', '54321', 'Altburg', 'Deutschland');
INSERT INTO `iib2_ue1_2_gruppe1`.`Adresse` (`adr_id`, `adr_strasse`, `adr_hausnummer`, `adr_plz`, `adr_ort`, `adr_land`) VALUES (8, 'Untere Gasse', '2', '87654', 'Tiefheim', 'Deutschland');
INSERT INTO `iib2_ue1_2_gruppe1`.`Adresse` (`adr_id`, `adr_strasse`, `adr_hausnummer`, `adr_plz`, `adr_ort`, `adr_land`) VALUES (9, 'Obere Gasse', '3', '98775', 'Hochburg', 'Deutschland');

COMMIT;


-- -----------------------------------------------------
-- Data for table `iib2_ue1_2_gruppe1`.`Handwerker`
-- -----------------------------------------------------
START TRANSACTION;
USE `iib2_ue1_2_gruppe1`;
INSERT INTO `iib2_ue1_2_gruppe1`.`Handwerker` (`haw_email`, `haw_vorname`, `haw_nachname`, `haw_ber_id`, `haw_adr_id`) VALUES ('khmeier@wassertechnik.de', 'Karl-Heinz', 'Meier', 1, 1);
INSERT INTO `iib2_ue1_2_gruppe1`.`Handwerker` (`haw_email`, `haw_vorname`, `haw_nachname`, `haw_ber_id`, `haw_adr_id`) VALUES ('hschmidt@heizungsbau.de', 'Hans', 'Schmidt', 2, 1);
INSERT INTO `iib2_ue1_2_gruppe1`.`Handwerker` (`haw_email`, `haw_vorname`, `haw_nachname`, `haw_ber_id`, `haw_adr_id`) VALUES ('lspengler@elektrik-spengler.de', 'Luisa', 'Spengler', 5, 2);
INSERT INTO `iib2_ue1_2_gruppe1`.`Handwerker` (`haw_email`, `haw_vorname`, `haw_nachname`, `haw_ber_id`, `haw_adr_id`) VALUES ('tweber@malerweber.de', 'Thomas', 'Weber', 7, 2);
INSERT INTO `iib2_ue1_2_gruppe1`.`Handwerker` (`haw_email`, `haw_vorname`, `haw_nachname`, `haw_ber_id`, `haw_adr_id`) VALUES ('kmaler@maler.de', 'Karl', 'Maler', 7, 3);
INSERT INTO `iib2_ue1_2_gruppe1`.`Handwerker` (`haw_email`, `haw_vorname`, `haw_nachname`, `haw_ber_id`, `haw_adr_id`) VALUES ('kwerner@dachdecker.de', 'Kurt', 'Werner', 4, 9);

COMMIT;


-- -----------------------------------------------------
-- Data for table `iib2_ue1_2_gruppe1`.`Eigentuemer`
-- -----------------------------------------------------
START TRANSACTION;
USE `iib2_ue1_2_gruppe1`;
INSERT INTO `iib2_ue1_2_gruppe1`.`Eigentuemer` (`eig_email`, `eig_vorname`, `eig_nachname`, `eig_kunde`, `eig_adr_id`) VALUES ('melanie@wolf.de', 'Melanie', 'Wolf', TRUE, 1);
INSERT INTO `iib2_ue1_2_gruppe1`.`Eigentuemer` (`eig_email`, `eig_vorname`, `eig_nachname`, `eig_kunde`, `eig_adr_id`) VALUES ('lukas@schulz.de', 'Lukas', 'Schulz', FALSE, 2);
INSERT INTO `iib2_ue1_2_gruppe1`.`Eigentuemer` (`eig_email`, `eig_vorname`, `eig_nachname`, `eig_kunde`, `eig_adr_id`) VALUES ('gerda@koch.de', 'Gerda', 'Koch', TRUE, 3);

COMMIT;


-- -----------------------------------------------------
-- Data for table `iib2_ue1_2_gruppe1`.`Gutachter`
-- -----------------------------------------------------
START TRANSACTION;
USE `iib2_ue1_2_gruppe1`;
INSERT INTO `iib2_ue1_2_gruppe1`.`Gutachter` (`gut_email`, `gut_vorname`, `gut_nachname`, `gut_adr_id`) VALUES ('hschneider@gutachten.de', 'Hans', 'Schneider', 4);
INSERT INTO `iib2_ue1_2_gruppe1`.`Gutachter` (`gut_email`, `gut_vorname`, `gut_nachname`, `gut_adr_id`) VALUES ('afischer@gutachten.de', 'Alexander', 'Fischer', 4);
INSERT INTO `iib2_ue1_2_gruppe1`.`Gutachter` (`gut_email`, `gut_vorname`, `gut_nachname`, `gut_adr_id`) VALUES ('jhofmann@gutachten.de', 'Julia', 'Hofmann', 5);

COMMIT;


-- -----------------------------------------------------
-- Data for table `iib2_ue1_2_gruppe1`.`Schadensart`
-- -----------------------------------------------------
START TRANSACTION;
USE `iib2_ue1_2_gruppe1`;
INSERT INTO `iib2_ue1_2_gruppe1`.`Schadensart` (`sda_id`, `sda_name`) VALUES (1, 'Fliesenschaden');
INSERT INTO `iib2_ue1_2_gruppe1`.`Schadensart` (`sda_id`, `sda_name`) VALUES (2, 'Dachschaden');
INSERT INTO `iib2_ue1_2_gruppe1`.`Schadensart` (`sda_id`, `sda_name`) VALUES (3, 'Wand beschmiert');
INSERT INTO `iib2_ue1_2_gruppe1`.`Schadensart` (`sda_id`, `sda_name`) VALUES (4, 'Heizungsanlage ausgefallen');

COMMIT;


-- -----------------------------------------------------
-- Data for table `iib2_ue1_2_gruppe1`.`Gebaeude`
-- -----------------------------------------------------
START TRANSACTION;
USE `iib2_ue1_2_gruppe1`;
INSERT INTO `iib2_ue1_2_gruppe1`.`Gebaeude` (`gbd_id`, `gbd_name`, `gbd_eig_email`, `gbd_adr_id`) VALUES (1, 'Mehrfamilienhaus Koch', 'gerda@koch.de', 8);
INSERT INTO `iib2_ue1_2_gruppe1`.`Gebaeude` (`gbd_id`, `gbd_name`, `gbd_eig_email`, `gbd_adr_id`) VALUES (2, 'Einfamilienhaus Koch', 'gerda@koch.de', 7);
INSERT INTO `iib2_ue1_2_gruppe1`.`Gebaeude` (`gbd_id`, `gbd_name`, `gbd_eig_email`, `gbd_adr_id`) VALUES (3, 'Mietkomplex', 'lukas@schulz.de', 6);
INSERT INTO `iib2_ue1_2_gruppe1`.`Gebaeude` (`gbd_id`, `gbd_name`, `gbd_eig_email`, `gbd_adr_id`) VALUES (4, 'Elternhaus', 'melanie@wolf.de', 1);

COMMIT;


-- -----------------------------------------------------
-- Data for table `iib2_ue1_2_gruppe1`.`Schadenslage`
-- -----------------------------------------------------
START TRANSACTION;
USE `iib2_ue1_2_gruppe1`;
INSERT INTO `iib2_ue1_2_gruppe1`.`Schadenslage` (`sdl_id`, `sdl_stockwerk`, `sdl_raum`, `sdl_gbd_id`) VALUES (1, 'Erdgeschoss', 'Bad', 1);
INSERT INTO `iib2_ue1_2_gruppe1`.`Schadenslage` (`sdl_id`, `sdl_stockwerk`, `sdl_raum`, `sdl_gbd_id`) VALUES (2, 'Erdgeschoss', 'Treppenhaus', 2);
INSERT INTO `iib2_ue1_2_gruppe1`.`Schadenslage` (`sdl_id`, `sdl_stockwerk`, `sdl_raum`, `sdl_gbd_id`) VALUES (3, '2. OG', 'Küche', 3);
INSERT INTO `iib2_ue1_2_gruppe1`.`Schadenslage` (`sdl_id`, `sdl_stockwerk`, `sdl_raum`, `sdl_gbd_id`) VALUES (4, 'UG', 'Heizungsraum', 3);
INSERT INTO `iib2_ue1_2_gruppe1`.`Schadenslage` (`sdl_id`, `sdl_stockwerk`, `sdl_raum`, `sdl_gbd_id`) VALUES (5, 'Dach', NULL, 4);

COMMIT;


-- -----------------------------------------------------
-- Data for table `iib2_ue1_2_gruppe1`.`Schaden`
-- -----------------------------------------------------
START TRANSACTION;
USE `iib2_ue1_2_gruppe1`;
INSERT INTO `iib2_ue1_2_gruppe1`.`Schaden` (`sdn_id`, `sdn_status`, `sdn_sda_id`, `sdn_umfang`, `sdn_sdl_id`, `sdn_gut_email`) VALUES (1, 'Kunde', 1, 'Teilschaden', 1, 'hschneider@gutachten.de');
INSERT INTO `iib2_ue1_2_gruppe1`.`Schaden` (`sdn_id`, `sdn_status`, `sdn_sda_id`, `sdn_umfang`, `sdn_sdl_id`, `sdn_gut_email`) VALUES (2, 'begutachtet', 4, 'Teilschaden', 4, 'hschneider@gutachten.de');
INSERT INTO `iib2_ue1_2_gruppe1`.`Schaden` (`sdn_id`, `sdn_status`, `sdn_sda_id`, `sdn_umfang`, `sdn_sdl_id`, `sdn_gut_email`) VALUES (3, 'Auftrag', 3, 'Kleinstschaden', 2, 'jhofmann@gutachten.de');
INSERT INTO `iib2_ue1_2_gruppe1`.`Schaden` (`sdn_id`, `sdn_status`, `sdn_sda_id`, `sdn_umfang`, `sdn_sdl_id`, `sdn_gut_email`) VALUES (4, 'Auftrag', 3, 'Totalschaden', 3, 'jhofmann@gutachten.de');
INSERT INTO `iib2_ue1_2_gruppe1`.`Schaden` (`sdn_id`, `sdn_status`, `sdn_sda_id`, `sdn_umfang`, `sdn_sdl_id`, `sdn_gut_email`) VALUES (5, 'erledigt', 2, 'Teilschaden', 5, 'jhofmann@gutachten.de');

COMMIT;


-- -----------------------------------------------------
-- Data for table `iib2_ue1_2_gruppe1`.`Auftrag`
-- -----------------------------------------------------
START TRANSACTION;
USE `iib2_ue1_2_gruppe1`;
INSERT INTO `iib2_ue1_2_gruppe1`.`Auftrag` (`auf_nummer`, `auf_status`, `auf_haw_email`, `auf_sdn_id`) VALUES (2015001, 'in Bearbeitung', 'tweber@malerweber.de', 3);
INSERT INTO `iib2_ue1_2_gruppe1`.`Auftrag` (`auf_nummer`, `auf_status`, `auf_haw_email`, `auf_sdn_id`) VALUES (2016001, 'in Bearbeitung', 'kmaler@maler.de', 4);
INSERT INTO `iib2_ue1_2_gruppe1`.`Auftrag` (`auf_nummer`, `auf_status`, `auf_haw_email`, `auf_sdn_id`) VALUES (2016002, 'erledigt', 'kwerner@dachdecker.de', 5);

COMMIT;


-- -----------------------------------------------------
-- Data for table `iib2_ue1_2_gruppe1`.`Multimedia`
-- -----------------------------------------------------
START TRANSACTION;
USE `iib2_ue1_2_gruppe1`;
INSERT INTO `iib2_ue1_2_gruppe1`.`Multimedia` (`mmd_id`, `mmd_art`, `mmd_dateipfad`, `mmd_sdn_id`) VALUES (1, 'Bild', 'DateiPfad\\Bild1', 2);
INSERT INTO `iib2_ue1_2_gruppe1`.`Multimedia` (`mmd_id`, `mmd_art`, `mmd_dateipfad`, `mmd_sdn_id`) VALUES (2, 'Bild', 'DateiPfad\\Bild2', 3);
INSERT INTO `iib2_ue1_2_gruppe1`.`Multimedia` (`mmd_id`, `mmd_art`, `mmd_dateipfad`, `mmd_sdn_id`) VALUES (3, 'Bild', 'DateiPfad\\Bild3', 4);

COMMIT;


-- -----------------------------------------------------
-- Data for table `iib2_ue1_2_gruppe1`.`Mitarbeiter`
-- -----------------------------------------------------
START TRANSACTION;
USE `iib2_ue1_2_gruppe1`;
INSERT INTO `iib2_ue1_2_gruppe1`.`Mitarbeiter` (`mab_email`, `mab_vorname`, `mab_nachname`, `mab_rolle`, `mab_adr_id`) VALUES ('ghuber@mitarbeiter.de', 'Gerd', 'Huber', 'Mitarbeiter', 4);
INSERT INTO `iib2_ue1_2_gruppe1`.`Mitarbeiter` (`mab_email`, `mab_vorname`, `mab_nachname`, `mab_rolle`, `mab_adr_id`) VALUES ('lkaiser@mitarbeiter.de', 'Lea', 'Kaiser', 'Admin', 5);

COMMIT;

